City_ID,City,Country,Date,Lat,Lng,Max Temp,Humidity,Cloudiness,Wind Speed
0,Arraial Do Cabo,BR,2021-12-22 17:38:51,-22.9661,-42.0278,91.36,62,0,13.8
1,Ushuaia,AR,2021-12-22 17:36:34,-54.8,-68.3,55.02,50,0,17.27
2,Afua,BR,2021-12-22 17:38:52,-0.1567,-50.3867,84.24,74,86,7.94
3,Port Alfred,ZA,2021-12-22 17:38:52,-33.5906,26.891,69.62,90,94,9.8
4,Kayes,ML,2021-12-22 17:38:52,14.0,-11.0,89.06,10,83,10.58
5,Locri,IT,2021-12-22 17:38:53,38.2414,16.2623,57.24,84,48,2.53
6,Kruisfontein,ZA,2021-12-22 17:38:53,-34.0033,24.7314,66.88,90,100,10.16
7,Caucaia,BR,2021-12-22 17:38:53,-3.7361,-38.6531,87.75,73,75,18.41
8,La Asuncion,VE,2021-12-22 17:38:54,11.0333,-63.8628,83.93,79,57,18.41
9,Cabedelo,BR,2021-12-22 17:38:54,-6.9811,-34.8339,86.67,70,58,13.11
10,Vila Franca Do Campo,PT,2021-12-22 17:38:55,37.7167,-25.4333,61.21,72,90,18.19
11,Punta Arenas,CL,2021-12-22 17:38:55,-53.15,-70.9167,64.51,45,40,23.02
12,Lebu,CL,2021-12-22 17:38:55,-37.6167,-73.65,63.48,72,0,15.23
13,Hermanus,ZA,2021-12-22 17:38:55,-34.4187,19.2345,73.9,78,49,17.18
14,Puerto Del Rosario,ES,2021-12-22 17:38:56,28.5004,-13.8627,71.28,78,20,4.61
15,Sumbe,AO,2021-12-22 17:38:56,-11.2061,13.8437,76.95,78,40,8.01
16,Goma,CD,2021-12-22 17:38:57,-1.6792,29.2228,71.89,73,75,9.22
17,Busselton,AU,2021-12-22 17:38:57,-33.65,115.3333,61.09,84,81,10.83
18,Cape Town,ZA,2021-12-22 17:38:57,-33.9258,18.4232,74.12,73,20,5.01
19,Picota,PE,2021-12-22 17:38:58,-6.9197,-76.3304,90.28,69,95,4.14
20,Bredasdorp,ZA,2021-12-22 17:38:58,-34.5322,20.0403,70.29,73,74,12.66
21,Popovo,BG,2021-12-22 17:38:58,43.35,26.2333,23.52,68,76,1.12
22,East London,ZA,2021-12-22 17:38:59,-33.0153,27.9116,70.74,88,20,12.66
23,Tasiilaq,GL,2021-12-22 17:38:59,65.6145,-37.6368,16.63,55,2,4.85
24,Kikwit,CD,2021-12-22 17:39:00,-5.041,18.8162,73.69,92,98,1.74
25,San Carlos De Bariloche,AR,2021-12-22 17:38:41,-41.1456,-71.3082,83.95,12,0,12.66
26,Cap Malheureux,MU,2021-12-22 17:39:00,-19.9842,57.6142,79.47,82,99,5.99
27,Saldanha,ZA,2021-12-22 17:39:01,-33.0117,17.9442,71.65,85,72,11.61
28,Derzhavinsk,KZ,2021-12-22 17:39:01,51.1,66.3167,29.37,94,100,12.77
29,Kos,GR,2021-12-22 17:39:02,36.8933,27.2889,49.44,51,0,15.88
30,Vardo,NO,2021-12-22 17:39:02,70.3705,31.1107,24.78,93,90,28.77
31,Ashland,US,2021-12-22 17:37:38,40.8167,-82.2665,30.65,72,82,14.7
32,Ancud,CL,2021-12-22 17:39:02,-41.8697,-73.8203,82.22,69,4,7.61
33,Shubarkuduk,KZ,2021-12-22 17:39:03,49.1447,56.4872,22.53,84,100,4.32
34,Muros,ES,2021-12-22 17:39:03,42.7762,-9.0603,61.3,76,92,18.16
35,Tanout,NE,2021-12-22 17:39:03,14.9709,8.8879,69.1,17,26,11.05
36,Mbuji-Mayi,CD,2021-12-22 17:39:04,-6.15,23.6,73.62,90,100,3.78
37,Yenagoa,NG,2021-12-22 17:39:04,4.9247,6.2642,83.21,50,33,8.32
38,Dikson,RU,2021-12-22 17:39:05,73.5069,80.5464,-2.61,83,100,14.07
39,Bonavista,CA,2021-12-22 17:39:05,48.6499,-53.1147,30.11,69,31,14.09
40,Luderitz,NA,2021-12-22 17:39:05,-26.6481,15.1594,65.7,78,0,7.99
41,Chicama,PE,2021-12-22 17:39:06,-7.8447,-79.1469,66.74,60,41,10.74
42,Cayenne,GF,2021-12-22 17:39:07,4.9333,-52.3333,77.04,92,75,1.99
43,Andijon,UZ,2021-12-22 17:39:07,40.7821,72.3442,42.08,32,86,2.93
44,Uchiza,PE,2021-12-22 17:39:07,-8.4592,-76.4633,82.56,81,46,2.42
45,Awash,ET,2021-12-22 17:40:08,8.9833,40.1667,77.16,47,68,8.34
46,Matagami,CA,2021-12-22 17:40:08,49.7502,-77.6328,6.91,85,90,16.11
47,Rocha,UY,2021-12-22 17:40:08,-34.4833,-54.3333,78.15,42,0,12.71
48,Cabildo,AR,2021-12-22 17:40:09,-38.4842,-61.8954,86.23,23,0,14.47
49,Torbay,CA,2021-12-22 17:35:30,47.6666,-52.7314,30.76,71,75,13.8
50,Coxim,BR,2021-12-22 17:40:09,-18.5067,-54.76,76.71,92,100,9.78
51,Husavik,IS,2021-12-22 17:40:10,66.0449,-17.3389,17.51,87,23,9.84
52,Dalmatovo,RU,2021-12-22 17:40:10,56.26,62.9362,14.16,89,96,12.55
53,Vila Velha,BR,2021-12-22 17:40:11,-20.3297,-40.2925,84.15,79,20,15.01
54,Ribeira Grande,PT,2021-12-22 17:40:11,38.5167,-28.7,61.2,59,40,24.16
55,Potchefstroom,ZA,2021-12-22 17:40:11,-26.7167,27.1,66.04,72,79,8.08
56,Ostrovnoy,RU,2021-12-22 17:40:12,68.0531,39.5131,18.64,94,100,6.31
57,Souillac,MU,2021-12-22 17:40:12,-20.5167,57.5167,79.36,89,40,18.41
58,Dingle,PH,2021-12-22 17:40:12,10.9995,122.6711,73.98,92,100,6.11
59,Lalsk,RU,2021-12-22 17:40:13,60.7415,47.5862,-10.34,100,94,3.47
60,Talnakh,RU,2021-12-22 17:40:13,69.4865,88.3972,6.21,82,100,13.15
61,Codrington,AU,2021-12-22 17:40:13,-38.2667,141.9667,47.41,90,63,4.83
62,Bahia Honda,CU,2021-12-22 17:40:14,22.9036,-83.1592,74.98,63,79,11.9
63,Kintampo,GH,2021-12-22 17:40:14,8.0563,-1.7306,86.38,18,48,3.2
64,Awbari,LY,2021-12-22 17:40:14,26.5921,12.7805,55.54,24,100,3.91
65,Gat,IL,2021-12-22 17:38:02,31.61,34.7642,57.4,100,86,4.07
66,Victoria,HK,2021-12-22 17:39:40,22.2855,114.1577,68.38,87,39,5.99
67,Nanortalik,GL,2021-12-22 17:40:15,60.1432,-45.2371,37.29,79,98,8.59
68,Anamur,TR,2021-12-22 17:40:15,36.0751,32.8369,44.62,57,56,4.94
69,Felipe Carrillo Puerto,MX,2021-12-22 17:40:16,19.5833,-88.05,79.43,40,0,5.32
70,Qaanaaq,GL,2021-12-22 17:40:16,77.484,-69.3632,25.7,62,13,11.52
71,Jamestown,US,2021-12-22 17:36:14,42.097,-79.2353,27.99,82,90,11.01
72,Cururupu,BR,2021-12-22 17:40:17,-1.8283,-44.8683,88.56,54,77,9.01
73,Dakar,SN,2021-12-22 17:37:05,14.6937,-17.4441,86.88,65,0,9.22
74,Mkushi,ZM,2021-12-22 17:40:17,-13.6202,29.3939,64.87,96,100,2.1
75,Georgetown,MY,2021-12-22 17:40:18,5.4112,100.3354,78.89,92,20,1.99
76,Pangody,RU,2021-12-22 17:40:18,65.85,74.4859,20.48,94,100,19.95
77,Hithadhoo,MV,2021-12-22 17:37:49,-0.6,73.0833,81.77,73,91,4.79
78,Yar-Sale,RU,2021-12-22 17:40:19,66.8333,70.8333,16.47,94,100,12.73
79,Kem,RU,2021-12-22 17:40:19,64.9555,34.5793,16.93,77,100,15.57
80,Sherbakul,RU,2021-12-22 17:40:19,54.6316,72.3963,26.28,96,100,13.38
81,Grand Gaube,MU,2021-12-22 17:40:20,-20.0064,57.6608,79.38,82,99,5.99
82,Saint-Joseph,RE,2021-12-22 17:40:20,-21.3667,55.6167,75.58,82,97,7.49
83,Narsaq,GL,2021-12-22 17:40:21,60.9167,-46.05,48.42,52,100,16.64
84,Talcahuano,CL,2021-12-22 17:40:21,-36.7167,-73.1167,67.68,52,0,18.41
85,Adrar,MR,2021-12-22 17:40:21,20.5022,-10.0711,73.87,21,100,9.6
86,Zharkent,KZ,2021-12-22 17:40:22,44.1628,80.0,33.75,48,98,4.59
87,Iqaluit,CA,2021-12-22 17:37:47,63.7506,-68.5145,15.53,62,90,6.91
88,Salto,UY,2021-12-22 17:37:21,-31.3833,-57.9667,93.36,34,75,11.01
89,Castro,BR,2021-12-22 17:41:22,-24.7911,-50.0119,78.55,50,22,12.06
90,Kasempa,ZM,2021-12-22 17:41:23,-13.4584,25.8338,64.6,98,100,4.52
91,Iquique,CL,2021-12-22 17:41:23,-20.2208,-70.1431,71.64,71,75,4.63
92,Klaksvik,FO,2021-12-22 17:41:24,62.2266,-6.589,31.12,66,96,17.45
93,Conceicao Do Araguaia,BR,2021-12-22 17:41:24,-8.2578,-49.2647,84.81,73,98,3.76
94,Marolambo,MG,2021-12-22 17:41:24,-20.05,48.1167,73.26,98,91,1.79
95,Agustin Codazzi,CO,2021-12-22 17:41:24,10.0341,-73.2361,87.78,72,95,3.2
96,Jalu,LY,2021-12-22 17:41:25,29.0331,21.5482,57.83,39,84,2.33
97,Strathpeffer,GB,2021-12-22 17:41:25,57.588,-4.5382,32.31,98,100,1.14
98,Adana,TR,2021-12-22 17:41:25,36.985,35.2881,46.42,39,0,5.75
99,Shonguy,RU,2021-12-22 17:41:26,68.7526,33.146,14.07,85,75,6.71
100,Saint-Philippe,RE,2021-12-22 17:41:26,-21.3585,55.7679,76.59,84,96,13.27
101,Ponta Do Sol,PT,2021-12-22 17:37:38,32.6667,-17.1,71.01,84,18,8.03
102,Usinsk,RU,2021-12-22 17:41:27,65.9939,57.5281,-4.85,98,100,5.61
103,Necochea,AR,2021-12-22 17:37:42,-38.5473,-58.7368,69.04,66,12,15.14
104,Porto Tolle,IT,2021-12-22 17:41:27,44.9497,12.3245,44.62,72,85,5.64
105,Upernavik,GL,2021-12-22 17:41:27,72.7868,-56.1549,25.72,67,100,10.85
106,Linkuva,LT,2021-12-22 17:41:28,56.0856,23.9725,11.07,91,69,4.9
107,Tessalit,ML,2021-12-22 17:41:28,20.1986,1.0114,73.08,11,99,10.09
108,Tucuman,AR,2021-12-22 17:39:29,-26.8241,-65.2226,90.12,44,67,7.36
109,Iralaya,HN,2021-12-22 17:41:28,15.0,-83.2333,80.69,70,90,11.07
110,Samandag,TR,2021-12-22 17:41:29,36.0842,35.9771,46.92,65,7,5.57
111,Hofn,IS,2021-12-22 17:41:29,64.2539,-15.2082,30.22,69,0,13.8
112,Vestmannaeyjar,IS,2021-12-22 17:41:30,63.4427,-20.2734,36.59,75,0,23.02
113,Mongomo,GQ,2021-12-22 17:41:30,1.6274,11.3135,78.73,52,66,1.88
114,Chuy,UY,2021-12-22 17:41:31,-33.6971,-53.4616,76.59,51,2,12.77
115,Faya,SA,2021-12-22 17:41:31,18.3851,42.4509,59.11,85,16,5.37
116,Garanhuns,BR,2021-12-22 17:41:31,-8.8903,-36.4928,83.44,43,96,16.91
117,Carutapera,BR,2021-12-22 17:41:32,-1.195,-46.02,87.85,59,100,11.88
118,Susangerd,IR,2021-12-22 17:41:32,31.5608,48.1831,53.62,50,0,8.59
119,San Pedro,PH,2021-12-22 17:41:32,14.35,121.0167,78.03,91,20,2.3
120,Pallasovka,RU,2021-12-22 17:41:33,50.05,46.8833,10.9,87,100,15.14
121,Florence,IT,2021-12-22 17:41:33,43.7667,11.25,50.09,82,40,1.14
122,Talipparamba,IN,2021-12-22 17:41:33,12.05,75.35,71.76,87,4,2.91
123,Kaduqli,SD,2021-12-22 17:41:34,11.0167,29.7167,77.92,23,47,10.56
124,Dwarka,IN,2021-12-22 17:41:34,22.2394,68.9678,72.43,77,76,9.6
125,Pastavy,BY,2021-12-22 17:41:34,55.1168,26.8326,14.27,93,41,6.08
126,Mapiri,BO,2021-12-22 17:41:35,-15.25,-68.1667,72.25,92,100,0.58
127,Ambilobe,MG,2021-12-22 17:40:23,-13.2,49.05,79.7,84,48,2.75
128,Cheremukhovo,RU,2021-12-22 17:41:35,60.3484,59.9851,-12.06,99,99,1.59
129,Filadelfia,US,2021-12-22 17:37:20,39.9523,-75.1638,47.55,53,40,4.0
130,Hamilton,US,2021-12-22 17:39:59,39.1834,-84.5333,37.4,48,1,5.01
131,Rorvik,NO,2021-12-22 17:41:35,64.8621,11.2373,28.51,100,75,4.61
132,Leh,IN,2021-12-22 17:41:36,34.1667,77.5833,11.43,67,92,1.34
133,Nalut,LY,2021-12-22 17:41:36,30.3333,10.85,55.47,31,98,4.29
134,Pisco,PE,2021-12-22 17:41:36,-13.7,-76.2167,72.01,83,20,11.5
135,Qaqortoq,GL,2021-12-22 17:41:37,60.7167,-46.0333,48.7,48,100,20.33
136,Tacuati,PY,2021-12-22 17:41:37,-23.45,-56.5833,97.3,31,62,3.76
137,Tiznit,MA,2021-12-22 17:42:38,29.5833,-9.5,66.33,44,22,4.12
138,Bambous Virieux,MU,2021-12-22 17:42:38,-20.3428,57.7575,79.21,89,40,18.41
139,Naliya,IN,2021-12-22 17:42:39,23.2667,68.8333,69.84,86,63,7.14
140,Kostomuksha,RU,2021-12-22 17:42:39,64.571,30.5767,11.7,91,100,10.83
141,Buchanan,LR,2021-12-22 17:42:40,5.8808,-10.0467,91.36,69,85,6.91
142,Sena Madureira,BR,2021-12-22 17:42:40,-9.0656,-68.6569,76.51,93,100,3.62
143,Auxerre,FR,2021-12-22 17:42:40,47.8,3.5667,31.86,77,81,4.18
144,Turukhansk,RU,2021-12-22 17:42:41,65.8167,87.9833,3.81,93,100,18.45
145,Margate,GB,2021-12-22 17:42:41,51.3813,1.3862,39.69,79,100,1.99
146,Soure,BR,2021-12-22 17:42:42,-0.7167,-48.5233,83.64,74,57,15.48
147,Turayf,SA,2021-12-22 17:42:42,31.6725,38.6637,48.45,81,40,6.91
148,Rokytne,UA,2021-12-22 17:42:42,51.2796,27.214,12.16,90,43,5.86
149,At-Bashi,KG,2021-12-22 17:42:43,41.1702,75.8106,11.01,56,22,2.98
150,Mopti,ML,2021-12-22 17:42:43,14.6667,-4.0,79.72,11,100,8.43
151,Lagoa,PT,2021-12-22 17:42:44,39.05,-27.9833,59.41,65,81,32.23
152,Road Town,VG,2021-12-22 17:42:44,18.4167,-64.6167,82.49,69,40,8.05
153,Touros,BR,2021-12-22 17:42:44,-5.1989,-35.4608,86.9,65,28,13.65
154,Rafaela,AR,2021-12-22 17:42:45,-31.2503,-61.4867,97.05,28,98,4.0
155,Laguna,US,2021-12-22 17:42:45,38.421,-121.4238,51.21,95,90,1.01
156,Coihaique,CL,2021-12-22 17:42:46,-45.5752,-72.0662,83.01,34,0,11.5
157,Atasu,KZ,2021-12-22 17:42:46,48.6814,71.6433,33.51,98,100,15.57
158,Liwale,TZ,2021-12-22 17:42:46,-9.7667,37.9333,79.32,61,92,8.99
159,Kiruna,SE,2021-12-22 17:42:47,67.8557,20.2251,22.12,80,0,10.36
160,Stepnyak,KZ,2021-12-22 17:42:47,52.8339,70.7803,32.09,97,100,10.47
161,Taltal,CL,2021-12-22 17:42:48,-25.4,-70.4833,68.13,72,93,4.85
162,Soria,ES,2021-12-22 17:42:48,41.6667,-2.6667,48.0,87,30,6.2
163,Gerede,TR,2021-12-22 17:42:48,40.8008,32.1969,9.93,98,98,1.77
164,Mahebourg,MU,2021-12-22 17:42:49,-20.4081,57.7,79.25,89,40,18.41
165,Berlevag,NO,2021-12-22 17:42:49,70.8578,29.0864,22.95,80,75,20.71
166,Kabinda,CD,2021-12-22 17:42:50,-6.1333,24.4833,69.48,86,100,2.82
167,Sao Felix Do Xingu,BR,2021-12-22 17:42:50,-6.6447,-51.995,87.04,60,100,4.47
168,Los Llanos De Aridane,ES,2021-12-22 17:42:50,28.6585,-17.9182,65.95,93,40,3.0
169,Daultala,PK,2021-12-22 17:42:51,33.1925,73.1413,52.63,34,92,2.37
170,Yarada,IN,2021-12-22 17:42:51,17.65,83.2667,68.32,88,0,2.3
171,Tarko-Sale,RU,2021-12-22 17:42:52,64.9225,77.785,15.76,89,100,26.53
172,Puntarenas,CR,2021-12-22 17:42:52,9.9763,-84.8384,94.93,63,47,4.97
173,Malanje,AO,2021-12-22 17:42:52,-9.5402,16.341,65.86,96,100,2.89
174,Hvolsvollur,IS,2021-12-22 17:42:53,63.7533,-20.2243,36.27,81,48,5.39
175,Dekar,BW,2021-12-22 17:42:53,-21.5333,21.9333,77.79,47,85,8.48
176,Rahuri,IN,2021-12-22 17:42:54,19.3833,74.65,69.31,43,3,1.12
177,Carauari,BR,2021-12-22 17:42:54,-4.8828,-66.8958,88.57,60,100,3.58
178,Port Elizabeth,ZA,2021-12-22 17:42:55,-33.918,25.5701,69.1,88,90,4.61
179,Salalah,OM,2021-12-22 17:42:55,17.0151,54.0924,75.29,73,0,2.3
180,Puri,IN,2021-12-22 17:42:55,19.8,85.85,57.72,40,0,4.29
181,Chimbote,PE,2021-12-22 17:42:56,-9.0853,-78.5783,73.69,71,25,9.82
182,Inhambane,MZ,2021-12-22 17:42:56,-23.865,35.3833,76.42,72,100,11.34
183,Port-Gentil,GA,2021-12-22 17:42:56,-0.7193,8.7815,81.52,80,90,9.17
184,Sabha,LY,2021-12-22 17:42:57,27.0377,14.4283,54.86,26,100,4.14
185,Mehamn,NO,2021-12-22 17:42:57,71.0357,27.8492,24.98,91,100,16.53
186,Kriva Palanka,MK,2021-12-22 17:42:57,42.2019,22.3319,21.6,85,9,2.8
187,Kalmunai,LK,2021-12-22 17:41:37,7.4167,81.8167,77.77,75,36,7.07
188,Ilulissat,GL,2021-12-22 17:43:58,69.2167,-51.1,41.02,36,75,23.02
189,Cidreira,BR,2021-12-22 17:40:18,-30.1811,-50.2056,75.94,62,2,16.17
190,Demyansk,RU,2021-12-22 17:43:59,57.643,32.466,8.87,97,100,4.88
191,San Andres,CO,2021-12-22 17:43:59,12.5847,-81.7006,84.22,74,20,5.75
192,Hualmay,PE,2021-12-22 17:44:00,-11.0964,-77.6139,73.67,69,45,9.44
193,Aleksandrov Gay,RU,2021-12-22 17:44:00,50.147,48.5704,12.74,83,100,17.25
194,Saint-Augustin,CA,2021-12-22 17:44:00,51.226,-58.6502,12.02,71,10,2.75
195,La Rioja,ES,2021-12-22 17:40:14,42.25,-2.5,49.05,87,24,6.24
196,Kargasok,RU,2021-12-22 17:44:01,59.0556,80.8572,10.99,93,100,17.05
197,Gamba,GA,2021-12-22 17:44:01,-2.65,10.0,78.89,90,100,5.39
198,Leeuwarden,NL,2021-12-22 17:44:02,53.2014,5.8086,30.2,93,90,6.91
199,Mar Del Plata,AR,2021-12-22 17:39:13,-38.0023,-57.5575,77.02,86,20,8.99
200,Tutoia,BR,2021-12-22 17:44:02,-2.7619,-42.2744,91.38,65,89,16.15
201,Abha,SA,2021-12-22 17:44:03,18.2164,42.5053,58.82,88,0,5.75
202,Oistins,BB,2021-12-22 17:44:03,13.0667,-59.5333,86.09,62,40,23.02
203,Teguldet,RU,2021-12-22 17:44:04,57.3064,88.1667,1.4,93,92,10.54
204,Spas-Demensk,RU,2021-12-22 17:44:04,54.4122,34.0226,6.48,90,100,7.56
205,Traverse City,US,2021-12-22 17:39:14,44.7631,-85.6206,23.74,74,90,12.66
206,Kadoma,JP,2021-12-22 17:44:05,34.7333,135.5833,44.58,66,69,3.78
207,Caltanissetta,IT,2021-12-22 17:44:05,37.3745,14.0642,52.52,84,72,2.24
208,Mezen,RU,2021-12-22 17:44:06,65.8522,44.24,6.1,96,100,6.6
209,Pudozh,RU,2021-12-22 17:44:06,61.8099,36.5345,15.22,94,100,7.58
210,Sabla,NG,2021-12-22 17:44:06,12.7525,4.7077,78.19,18,60,10.18
211,Polonne,UA,2021-12-22 17:44:07,50.1242,27.5109,15.37,89,91,8.99
212,Varangaon,IN,2021-12-22 17:44:07,21.0167,75.9,67.46,32,1,4.52
213,Stornoway,GB,2021-12-22 17:44:08,58.2093,-6.3865,40.96,88,75,5.99
214,Riyadh,SA,2021-12-22 17:40:26,24.6877,46.7219,60.94,20,7,7.0
215,Cuamba,MZ,2021-12-22 17:44:08,-14.8031,36.5372,73.22,89,81,4.18
216,Camacha,PT,2021-12-22 17:42:40,33.0833,-16.3333,67.53,77,20,9.22
217,Robertsport,LR,2021-12-22 17:44:09,6.7533,-11.3686,82.09,71,50,10.36
218,Utica,US,2021-12-22 17:44:09,43.1009,-75.2327,35.62,74,52,5.99
219,Henties Bay,NA,2021-12-22 17:44:10,-22.116,14.2845,67.86,82,0,8.57
220,Coquimbo,CL,2021-12-22 17:43:24,-29.9533,-71.3436,67.73,68,20,13.8
221,Mangrol,IN,2021-12-22 17:44:10,21.1167,70.1167,70.02,77,20,8.63
222,Cotonou,BJ,2021-12-22 17:44:10,6.3654,2.4183,85.98,54,20,9.22
223,Sao Filipe,CV,2021-12-22 17:44:11,14.8961,-24.4956,75.74,69,2,10.85
224,Ovalle,CL,2021-12-22 17:44:11,-30.5983,-71.2003,83.35,39,28,10.51
225,Dembi Dolo,ET,2021-12-22 17:44:12,8.5333,34.8,66.09,66,87,2.77
226,Beyla,GN,2021-12-22 17:44:12,8.6833,-8.6333,80.33,24,59,4.18
227,Manvi,IN,2021-12-22 17:44:13,15.9833,77.05,69.49,40,0,3.74
228,Caravelas,BR,2021-12-22 17:41:26,-17.7125,-39.2481,80.11,84,64,12.19
229,Peterhead,GB,2021-12-22 17:44:13,57.5058,-1.7981,34.2,78,100,4.85
230,Pijao,CO,2021-12-22 17:44:13,4.3342,-75.7035,72.64,65,40,4.61
231,Maniitsoq,GL,2021-12-22 17:44:14,65.4167,-52.9,34.63,76,100,2.1
232,Sechura,PE,2021-12-22 17:44:14,-5.5569,-80.8222,78.49,60,48,11.65
233,Mandiana,GN,2021-12-22 17:45:15,10.6333,-8.6833,85.06,15,45,5.88
234,Paraibano,BR,2021-12-22 17:45:15,-6.4331,-43.9836,84.22,66,90,2.59
235,Aksaray,TR,2021-12-22 17:45:16,38.3726,34.0254,22.59,85,20,2.42
236,Koundara,GN,2021-12-22 17:45:16,12.4833,-13.3,92.43,12,91,6.06
237,Constitucion,CL,2021-12-22 17:45:16,-35.3333,-72.4167,69.22,58,5,6.35
238,Bilma,NE,2021-12-22 17:45:17,18.6853,12.9164,66.72,15,70,7.54
239,Benguela,AO,2021-12-22 17:45:17,-12.5763,13.4055,76.91,71,79,8.21
240,Lafiagi,NG,2021-12-22 17:45:17,8.8667,5.4167,85.75,22,8,3.06
241,Cartaya,ES,2021-12-22 17:45:18,37.2811,-7.1507,59.83,84,35,6.46
242,Nuuk,GL,2021-12-22 17:45:18,64.1835,-51.7216,38.01,87,75,3.44
243,Arlit,NE,2021-12-22 17:45:18,18.7369,7.3853,71.42,12,74,8.57
244,Les Escoumins,CA,2021-12-22 17:45:19,48.1111,-69.0236,15.15,91,100,8.59
245,Mimongo,GA,2021-12-22 17:45:19,-1.6195,11.6068,73.94,89,78,2.46
246,Romitan,UZ,2021-12-22 17:45:20,39.9343,64.3814,46.35,71,0,2.3
247,Candolim,IN,2021-12-22 17:45:20,15.5181,73.7626,75.2,73,2,3.44
248,Saint George,US,2021-12-22 17:45:20,37.1041,-113.5841,56.53,75,1,0.0
249,Rundu,NA,2021-12-22 17:45:21,-17.9333,19.7667,77.05,55,65,9.13
250,Beri,IN,2021-12-22 17:45:21,25.9031,79.8902,57.22,37,4,2.51
251,Polovinnoye,RU,2021-12-22 17:45:21,54.7914,65.9864,19.85,91,92,15.55
252,Ulcinj,ME,2021-12-22 17:45:22,41.9294,19.2244,41.92,43,7,6.78
253,Bubaque,GW,2021-12-22 17:45:22,11.2833,-15.8333,83.35,54,88,10.83
254,Puerto Varas,CL,2021-12-22 17:45:22,-41.3195,-72.9854,68.22,68,0,9.22
255,Asfi,MA,2021-12-22 17:45:23,32.2994,-9.2372,63.41,90,85,10.02
256,Comodoro Rivadavia,AR,2021-12-22 17:45:01,-45.8667,-67.5,67.86,45,0,17.27
257,Lethem,GY,2021-12-22 17:45:23,3.3803,-59.7968,91.02,49,99,10.11
258,Olawa,PL,2021-12-22 17:45:24,50.9466,17.2926,30.88,77,96,6.04
259,Kavaratti,IN,2021-12-22 17:45:24,10.5669,72.642,79.63,59,46,2.26
260,Bereda,ES,2021-12-22 17:45:24,43.2686,-7.5406,58.91,49,35,7.07
261,Arauco,CL,2021-12-22 17:45:25,-37.2463,-73.3175,68.02,45,18,3.58
262,Praia Da Vitoria,PT,2021-12-22 17:45:25,38.7333,-27.0667,59.25,82,40,22.35
263,Rabo De Peixe,PT,2021-12-22 17:45:25,37.8,-25.5833,57.27,95,20,23.02
264,Westport,US,2021-12-22 17:41:28,41.1415,-73.3579,48.27,65,1,1.99
265,Teguise,ES,2021-12-22 17:45:26,29.0605,-13.564,66.42,83,20,10.36
266,Luxor,EG,2021-12-22 17:41:01,25.6989,32.6421,60.85,48,0,4.61
267,Longyearbyen,SJ,2021-12-22 17:41:24,78.2186,15.6401,10.24,56,20,5.75
268,Adrian,US,2021-12-22 17:42:01,41.8975,-84.0372,28.35,69,90,5.01
269,Namibe,AO,2021-12-22 17:45:27,-15.1961,12.1522,70.5,74,75,13.38
270,Tatawin,TN,2021-12-22 17:45:27,32.9297,10.4518,59.88,37,59,9.62
271,Goure,NE,2021-12-22 17:45:28,13.9835,10.2704,69.73,17,32,10.29
272,Pangnirtung,CA,2021-12-22 17:45:28,66.1451,-65.7125,17.6,73,75,14.97
273,Sokoni,TZ,2021-12-22 17:45:28,-6.4333,39.55,82.02,75,96,9.91
274,Hambantota,LK,2021-12-22 17:45:29,6.1241,81.1185,77.67,80,70,7.49
275,Bandarbeyla,SO,2021-12-22 17:42:47,9.4942,50.8122,77.67,71,31,15.93
276,Ormara,PK,2021-12-22 17:45:29,25.2088,64.6357,74.97,76,2,10.58
277,Darovskoy,RU,2021-12-22 17:45:30,58.77,47.9564,-0.31,96,100,3.74
278,San Lorenzo,PY,2021-12-22 17:46:30,-25.3333,-57.5333,94.59,46,20,8.5
279,Mahibadhoo,MV,2021-12-22 17:46:31,3.7833,72.9667,82.2,73,90,11.65
280,Verkhniy Landekh,RU,2021-12-22 17:46:31,56.8389,42.5994,-6.41,94,93,5.73
281,Liepaja,LV,2021-12-22 17:46:31,56.5419,21.0367,21.25,92,20,4.61
282,Mayor Pablo Lagerenza,PY,2021-12-22 17:46:32,-19.9309,-60.7718,84.63,68,97,3.22
283,Saint-Pierre,RE,2021-12-22 17:46:33,-21.3393,55.4781,76.68,86,0,4.61
284,Gusino,RU,2021-12-22 17:46:33,54.7244,31.368,11.8,91,100,9.64
285,Tabou,CI,2021-12-22 17:46:33,4.423,-7.3528,82.06,69,55,6.98
286,Mikkeli,FI,2021-12-22 17:46:34,61.6886,27.2723,1.51,85,0,3.44
287,Carnarvon,AU,2021-12-22 17:46:34,-24.8667,113.6333,71.67,83,40,19.57
288,De Aar,ZA,2021-12-22 17:46:34,-30.6497,24.0123,69.39,55,91,7.0
289,Kasongo,CD,2021-12-22 17:46:35,-4.45,26.6667,71.89,93,100,2.04
290,Taoudenni,ML,2021-12-22 17:46:35,22.6783,-3.9836,76.3,20,66,9.8
291,Sable-Sur-Sarthe,FR,2021-12-22 17:46:36,47.8376,-0.3329,31.98,64,100,7.31
292,Goderich,CA,2021-12-22 17:45:12,43.7501,-81.7165,30.9,74,100,20.71
293,Orlandia,BR,2021-12-22 17:46:36,-20.7203,-47.8867,73.54,65,68,2.44
294,Luanda,AO,2021-12-22 17:41:55,-8.8368,13.2343,80.6,83,20,11.5
295,Tivaouane,SN,2021-12-22 17:46:37,14.9515,-16.8129,84.54,22,100,12.1
296,Luau,AO,2021-12-22 17:46:37,-10.7073,22.2247,64.92,97,93,1.72
297,Chantilly,US,2021-12-22 17:43:06,38.8943,-77.4311,50.63,45,20,1.99
298,Biltine,TD,2021-12-22 17:46:38,14.5333,20.9167,77.25,18,0,10.8
299,Manoel Urbano,BR,2021-12-22 17:46:38,-8.8389,-69.2597,75.02,97,100,3.6
300,Kilakarai,IN,2021-12-22 17:46:38,9.2333,78.7833,76.53,71,13,10.92
301,La Palma,US,2021-12-22 17:46:39,33.8464,-118.0467,68.94,57,1,0.0
302,Tonstad,NO,2021-12-22 17:46:39,58.6626,6.7169,38.25,97,100,2.75
303,Marawi,PH,2021-12-22 17:46:39,7.9986,124.2928,66.65,95,83,1.05
304,Almeirim,BR,2021-12-22 17:46:40,-1.5233,-52.5817,93.18,39,86,6.6
305,Port-De-Bouc,FR,2021-12-22 17:46:40,43.4,4.9833,51.82,74,75,4.61
306,Perevolotskiy,RU,2021-12-22 17:46:40,51.8763,54.1938,9.09,96,88,7.2
307,Tazmalt,DZ,2021-12-22 17:46:41,36.3868,4.3989,57.13,68,100,1.74
308,Lenger,KZ,2021-12-22 17:46:41,42.183,69.8839,44.04,75,54,3.31
309,Carballo,ES,2021-12-22 17:46:42,43.213,-8.691,60.87,80,83,9.91
310,Pavlovskiy,RU,2021-12-22 17:46:42,57.8424,54.8436,-12.01,99,13,4.7
311,Matara,LK,2021-12-22 17:46:42,5.9485,80.5353,76.48,86,81,2.04
312,Auburn,US,2021-12-22 17:46:38,47.3073,-122.2284,49.32,91,90,1.99
313,Guaranesia,BR,2021-12-22 17:46:43,-21.2992,-46.8025,89.98,45,30,5.37
314,Ilhabela,BR,2021-12-22 17:46:43,-23.7781,-45.3581,83.07,70,61,5.37
315,Sur,OM,2021-12-22 17:46:43,22.5667,59.5289,73.18,64,25,4.29
316,Menongue,AO,2021-12-22 17:46:44,-14.6585,17.691,69.19,79,79,3.4
317,Grindavik,IS,2021-12-22 17:46:44,63.8424,-22.4338,34.27,80,75,9.22
318,Ayagoz,KZ,2021-12-22 17:46:45,47.9714,80.4392,12.92,86,100,0.67
319,Zheleznodorozhnyy,RU,2021-12-22 17:46:45,55.7503,38.0042,-6.86,95,100,6.49
320,Zemio,CF,2021-12-22 17:46:45,5.0314,25.1361,80.89,34,78,3.89
321,Latehar,IN,2021-12-22 17:46:46,23.75,84.5,51.44,38,0,3.47
322,Eyl,SO,2021-12-22 17:46:46,7.9803,49.8164,77.68,78,78,17.49
323,Quatre Cocos,MU,2021-12-22 17:46:46,-20.2078,57.7625,79.09,84,100,13.51
324,Paamiut,GL,2021-12-22 17:47:47,61.994,-49.6678,33.71,89,100,9.6
325,Dromolaxia,CY,2021-12-22 17:47:47,34.8761,33.586,53.98,75,75,8.05
326,Olafsvik,IS,2021-12-22 17:47:47,64.8945,-23.7142,33.78,77,43,13.09
327,Corn Island,NI,2021-12-22 17:47:48,12.1694,-83.0418,79.43,78,22,15.79
328,Nizwa,OM,2021-12-22 17:47:48,22.9333,57.5333,70.5,33,48,1.74
329,Wattegama,LK,2021-12-22 17:47:48,6.7989,81.4808,74.05,84,65,3.47
330,Manbij,SY,2021-12-22 17:47:49,36.5281,37.9549,39.97,54,92,7.94
331,Shatsk,RU,2021-12-22 17:47:49,54.0258,41.7119,-1.41,95,100,7.11
332,Sabzevar,IR,2021-12-22 17:47:50,36.2126,57.6819,43.93,36,0,4.12
333,Gambela,ET,2021-12-22 17:47:50,8.25,34.5833,87.8,46,94,2.57
334,Ugoofaaru,MV,2021-12-22 17:47:50,5.6667,73.0,81.1,76,83,10.51
335,Balkhash,KZ,2021-12-22 17:47:51,46.844,74.9804,35.49,89,60,7.99
336,Havoysund,NO,2021-12-22 17:47:51,70.9963,24.6622,25.68,84,100,26.51
337,Puerto Colombia,CO,2021-12-22 17:47:53,10.9878,-74.9547,87.89,78,83,7.25
338,San Juan Nepomuceno,CO,2021-12-22 17:47:53,9.9516,-75.082,83.7,71,66,7.76
339,Antofagasta,CL,2021-12-22 17:47:53,-23.65,-70.4,70.88,71,86,7.0
340,Rawson,AR,2021-12-22 17:47:54,-43.3002,-65.1023,69.78,53,26,18.84
341,Bergen,NO,2021-12-22 17:47:54,60.392,5.328,39.63,82,75,11.5
342,Sao Joao Da Barra,BR,2021-12-22 17:47:54,-21.6403,-41.0511,89.69,79,3,8.88
343,Kozhva,RU,2021-12-22 17:47:55,65.1073,57.0459,-1.39,98,100,0.29
344,Kamenka,RU,2021-12-22 17:47:56,51.3223,42.7678,-1.28,98,96,6.62
345,Jacqueville,CI,2021-12-22 17:47:57,5.2052,-4.4146,85.91,70,95,11.63
346,Chapais,CA,2021-12-22 17:47:57,49.7834,-74.8492,11.98,87,100,0.45
347,Tukrah,LY,2021-12-22 17:47:58,32.5341,20.5791,58.53,67,14,6.82
348,Minab,IR,2021-12-22 17:47:58,27.1467,57.0801,74.7,84,9,7.81
349,Nouadhibou,MR,2021-12-22 17:47:58,20.931,-17.0347,73.38,53,0,11.5
350,Shorapur,IN,2021-12-22 17:47:59,16.5167,76.75,69.71,39,1,5.41
351,Richards Bay,ZA,2021-12-22 17:47:59,-28.783,32.0377,70.59,92,67,6.31
352,Akonolinga,CM,2021-12-22 17:47:59,3.7667,12.25,79.05,41,26,2.33
353,Omboue,GA,2021-12-22 17:48:00,-1.5746,9.2618,78.75,89,99,6.96
354,Eirunepe,BR,2021-12-22 17:48:00,-6.6603,-69.8736,75.56,96,98,2.3
355,Sainte-Anne,GP,2021-12-22 17:48:01,16.2333,-61.3667,84.18,100,40,19.57
356,Lozovik,RS,2021-12-22 17:48:02,44.4677,21.1007,29.01,72,12,2.71
357,Plettenberg Bay,ZA,2021-12-22 17:48:02,-34.0527,23.3716,65.95,90,75,7.14
358,Onverwacht,SR,2021-12-22 17:48:03,5.5833,-55.1833,82.4,78,75,8.05
359,Farah,AF,2021-12-22 17:48:03,32.5,62.5,53.94,41,77,4.63
360,Boende,CD,2021-12-22 17:48:04,-0.2167,20.8667,78.21,76,99,2.62
361,Izmir,TR,2021-12-22 17:48:04,38.4622,27.0923,38.64,65,40,3.44
362,Aswan,EG,2021-12-22 17:48:04,24.0934,32.907,63.7,34,0,9.22
363,Havelock,US,2021-12-22 17:47:35,34.8791,-76.9013,53.98,80,75,5.99
364,Nola,IT,2021-12-22 17:48:05,40.922,14.5329,53.55,75,78,1.54
365,Lasa,IT,2021-12-22 17:43:56,46.6166,10.7002,36.86,46,9,2.71
366,Beitbridge,ZW,2021-12-22 17:48:05,-22.2167,30.0,76.15,73,90,10.45
367,Pindushi,RU,2021-12-22 17:48:06,62.9152,34.58,14.61,84,100,9.64
368,Itarema,BR,2021-12-22 17:48:06,-2.9248,-39.9167,86.86,59,15,18.03
369,Jalingo,NG,2021-12-22 17:49:07,8.8833,11.3667,81.64,23,33,4.85
370,Arti,RU,2021-12-22 17:49:07,56.4234,58.5328,3.52,94,99,9.08
371,Porto Novo,BJ,2021-12-22 17:49:07,6.4965,2.6036,85.82,47,11,6.78
372,Maasbree,NL,2021-12-22 17:49:08,51.3575,6.0486,34.25,87,100,1.01
373,Talara,PE,2021-12-22 17:49:08,-4.5772,-81.2719,79.56,61,0,12.66
374,Negrar,IT,2021-12-22 17:49:08,45.5288,10.938,42.73,87,32,2.3
375,Letka,RU,2021-12-22 17:49:09,59.6011,49.4232,-10.68,100,90,3.53
376,Mateare,NI,2021-12-22 17:49:09,12.2351,-86.4281,87.78,53,0,2.75
377,Fethiye,TR,2021-12-22 17:49:09,36.6217,29.1164,40.87,49,36,5.59
378,Bathurst,AU,2021-12-22 17:49:10,-33.4166,149.5806,60.58,96,98,3.0
379,Monte Patria,CL,2021-12-22 17:49:10,-30.6919,-70.9467,84.02,38,23,9.91
380,Andra,RU,2021-12-22 17:49:10,62.5147,65.8878,7.34,96,100,7.29
381,Agadez,NE,2021-12-22 17:49:11,19.75,10.25,61.56,16,82,7.49
382,Nogent-Le-Rotrou,FR,2021-12-22 17:49:11,48.3333,1.0,27.01,65,100,6.76
383,Illapel,CL,2021-12-22 17:44:55,-31.6308,-71.1653,81.73,44,39,9.91
384,Sartana,UA,2021-12-22 17:49:12,47.1744,37.6927,19.38,53,45,10.45
385,Clyde River,CA,2021-12-22 17:49:12,70.4692,-68.5914,8.83,92,90,11.5
386,Grajau,BR,2021-12-22 17:49:13,-5.8194,-46.1386,82.85,81,90,3.36
387,Kaspiyskiy,RU,2021-12-22 17:49:13,45.3929,47.3707,22.55,47,100,22.53
388,Mwene-Ditu,CD,2021-12-22 17:49:13,-7.0,23.45,68.25,95,100,4.23
389,Cabrobo,BR,2021-12-22 17:49:14,-8.5142,-39.31,95.59,28,100,9.04
390,Agadir,MA,2021-12-22 17:49:14,30.4202,-9.5982,72.05,58,58,5.41
391,Pasni,PK,2021-12-22 17:49:15,25.2631,63.471,74.52,81,0,13.65
392,Saint-Georges,GD,2021-12-22 17:46:12,12.0564,-61.7485,85.68,70,20,23.02
393,Venezuela,VE,2021-12-22 17:49:15,8.0,-66.0,91.63,46,85,14.85
394,Giyani,ZA,2021-12-22 17:49:15,-23.3025,30.7187,76.75,71,87,8.81
395,Luba,GQ,2021-12-22 17:49:16,3.4568,8.5547,87.69,81,38,7.54
396,Sredniy Ikorets,RU,2021-12-22 17:49:16,51.0675,39.7584,9.12,88,100,9.98
397,Isabela,PH,2021-12-22 17:49:16,6.7085,121.9711,77.0,86,100,3.31
398,Price,US,2021-12-22 17:49:17,39.5994,-110.8107,39.72,74,1,0.0
399,Conakry,GN,2021-12-22 17:49:17,9.538,-13.6773,87.87,45,75,9.22
400,Sao Miguel Do Araguaia,BR,2021-12-22 17:49:18,-13.275,-50.1628,81.09,83,91,6.49
401,Sassandra,CI,2021-12-22 17:49:18,4.95,-6.0833,81.73,62,64,7.18
402,Nizhyn,UA,2021-12-22 17:49:18,51.048,31.8869,13.1,83,84,8.57
403,Surt,LY,2021-12-22 17:49:19,31.2089,16.5887,60.13,46,51,3.29
404,Salinopolis,BR,2021-12-22 17:49:19,-0.6136,-47.3561,84.99,70,92,14.92
405,Paris,FR,2021-12-22 17:49:19,48.8534,2.3488,32.61,88,90,3.0
406,Curanilahue,CL,2021-12-22 17:45:13,-37.4667,-73.35,81.19,30,2,7.92
407,Maroantsetra,MG,2021-12-22 17:49:20,-15.4333,49.7333,78.28,87,20,5.48
408,Kibala,TD,2021-12-22 17:49:20,9.1104,18.3463,84.94,25,40,4.23
409,Ust-Koksa,RU,2021-12-22 17:49:20,50.2696,85.6108,4.44,82,51,1.81
410,Bozoum,CF,2021-12-22 17:49:21,6.3193,16.3799,78.62,33,10,4.7
411,Pedro Ii,BR,2021-12-22 17:49:21,-4.4247,-41.4586,96.28,20,18,8.63
412,Kaoma,ZM,2021-12-22 17:49:22,-14.7833,24.8,65.26,94,100,3.2
413,Camara De Lobos,PT,2021-12-22 17:49:22,32.6333,-16.9667,71.01,85,20,4.61
414,Bentiu,SS,2021-12-22 17:50:23,9.2333,29.8333,82.51,36,47,4.21
415,Manono,CD,2021-12-22 17:50:23,-7.3,27.4167,72.86,93,100,1.07
416,Aksu,CN,2021-12-22 17:50:23,41.1231,80.2644,25.59,49,79,2.28
417,Axim,GH,2021-12-22 17:50:24,4.8699,-2.2405,81.5,70,77,9.75
418,Great Yarmouth,GB,2021-12-22 17:50:24,52.6083,1.7305,41.25,67,100,14.94
419,Saint-Francois,FR,2021-12-22 17:50:24,46.4154,3.9054,34.48,92,90,4.61
420,Tshikapa,CD,2021-12-22 17:50:25,-6.4167,20.8,72.91,93,91,2.66
421,Nangomba,TZ,2021-12-22 17:50:25,-10.9,38.5,84.72,48,91,9.6
422,Chinchani,IN,2021-12-22 17:50:25,19.8667,72.7,72.41,56,11,4.7
423,Kulevcha,UA,2021-12-22 17:50:26,46.0303,29.9361,24.01,70,50,6.6
424,Hobyo,SO,2021-12-22 17:50:26,5.3505,48.5268,79.16,79,65,13.71
425,Bengkulu,ID,2021-12-22 17:50:27,-3.8004,102.2655,75.33,90,58,5.08
426,Bodo,NO,2021-12-22 17:50:27,67.28,14.405,21.24,78,75,11.5
427,Stayner,CA,2021-12-22 17:50:27,44.4183,-80.096,31.06,73,80,19.57
428,Keti Bandar,PK,2021-12-22 17:50:28,24.1447,67.4497,73.96,71,20,10.96
429,Zalesovo,RU,2021-12-22 17:50:28,53.9939,84.7431,8.31,92,5,3.89
430,Bar-Le-Duc,FR,2021-12-22 17:50:28,48.75,5.1667,39.38,63,48,7.56
431,Syamzha,RU,2021-12-22 17:50:29,60.0158,41.0614,-8.32,98,97,3.94
432,Quebrada De Arena,HN,2021-12-22 17:50:29,15.7667,-85.9167,73.15,94,75,3.44
433,Pauini,BR,2021-12-22 17:50:30,-7.7136,-66.9764,81.39,83,99,3.42
434,Kattivakkam,IN,2021-12-22 17:50:30,13.2167,80.3167,76.06,70,0,3.0
435,Chalisgaon,IN,2021-12-22 17:50:30,20.4667,75.0167,69.75,42,23,2.75
436,San Juan,AR,2021-12-22 17:50:31,-31.5375,-68.5364,86.68,24,81,10.02
437,Cartagena,CO,2021-12-22 17:50:09,10.3997,-75.5144,83.82,84,40,3.44
438,Ndjole,GA,2021-12-22 17:50:31,-0.1783,10.7649,81.77,80,74,5.32
439,Sharjah,AE,2021-12-22 17:49:03,25.3573,55.4033,75.49,66,20,9.22
440,La Libertad,EC,2021-12-22 17:50:32,-2.2333,-80.9,78.46,73,75,9.22
441,Chamonix-Mont-Blanc,FR,2021-12-22 17:50:32,45.9238,6.8693,33.89,43,11,6.13
442,Vuktyl,RU,2021-12-22 17:50:32,63.8567,57.3094,-0.02,98,97,1.72
443,Kango,GA,2021-12-22 17:50:33,0.1943,10.0951,78.35,90,74,4.68
444,Sergeyevka,KZ,2021-12-22 17:50:33,53.88,67.4158,30.16,93,100,15.41
445,Bolshaya Glushitsa,RU,2021-12-22 17:50:33,50.2406,43.5908,0.64,94,96,7.72
446,Araguari,BR,2021-12-22 17:50:34,-18.6472,-48.1872,82.69,52,37,3.38
447,Ust-Tsilma,RU,2021-12-22 17:50:34,65.441,52.1498,-6.65,96,97,1.54
448,Scarborough,GB,2021-12-22 17:50:31,54.2797,-0.4044,37.65,87,100,3.0
449,Saint-Louis,SN,2021-12-22 17:50:35,16.3333,-15.0,89.24,13,100,8.39
450,Bonthe,SL,2021-12-22 17:50:35,7.5264,-12.505,82.0,57,64,9.19
451,Rio Brilhante,BR,2021-12-22 17:50:36,-21.8019,-54.5464,98.74,25,65,10.65
452,Umm Lajj,SA,2021-12-22 17:50:36,25.0213,37.2685,69.8,44,21,13.98
453,Pechenga,RU,2021-12-22 17:50:37,69.5259,31.1703,18.46,96,100,5.3
454,Tarime,TZ,2021-12-22 17:50:37,-1.35,34.3667,69.13,71,100,1.61
455,Pascagoula,US,2021-12-22 17:50:37,30.3658,-88.5561,61.03,60,1,10.36
456,Moba,CN,2021-12-22 17:50:38,33.2288,105.0179,31.48,94,66,1.45
457,Edd,ER,2021-12-22 17:50:38,13.9297,41.6925,79.93,70,15,5.55
458,Puerto Madryn,AR,2021-12-22 17:49:45,-42.7692,-65.0385,82.33,28,10,14.72
459,Yarmouth,US,2021-12-22 17:50:39,41.7057,-70.2286,55.96,95,75,5.01
460,Celano,IT,2021-12-22 17:50:39,42.0855,13.5398,40.69,77,80,1.01
461,Beira,MZ,2021-12-22 17:50:39,-19.8436,34.8389,80.69,78,40,15.01
462,Nova Borova,UA,2021-12-22 17:51:40,50.693,28.6345,13.37,87,74,9.42
463,Pedernales,DO,2021-12-22 17:51:40,18.0384,-71.744,82.6,63,37,5.14
464,Manta,EC,2021-12-22 17:50:07,-0.95,-80.7333,76.78,78,90,5.75
465,Ajdabiya,LY,2021-12-22 17:51:40,30.7554,20.2263,58.19,66,50,6.46
466,Fomboni,KM,2021-12-22 17:51:41,-12.28,43.7425,83.21,73,64,6.8
467,Riacho De Santana,BR,2021-12-22 17:51:41,-13.6092,-42.9389,80.65,70,65,4.83
468,Atar,MR,2021-12-22 17:51:42,20.5169,-13.0499,79.29,18,34,13.29
469,Pedasi,PA,2021-12-22 17:51:42,7.5333,-80.0333,82.09,73,76,8.03
470,Middle River,US,2021-12-22 17:51:43,39.3343,-76.4394,50.18,54,40,13.8
471,Belmonte,BR,2021-12-22 17:51:43,-15.8631,-38.8828,81.1,84,74,12.53
472,Najran,SA,2021-12-22 17:51:44,17.4924,44.1277,66.85,38,2,3.11
473,Dudinka,RU,2021-12-22 17:51:44,69.4058,86.1778,6.62,94,100,20.76
474,Olinda,BR,2021-12-22 17:51:45,-8.0089,-34.8553,85.73,66,75,9.22
475,Lekoni,GA,2021-12-22 17:51:45,-1.5843,14.2591,83.88,53,97,0.81
476,Buraydah,SA,2021-12-22 17:51:45,26.326,43.975,57.65,23,81,8.52
477,Balarampur,IN,2021-12-22 17:51:46,23.1167,86.2167,58.03,33,0,3.87
478,Maragogi,BR,2021-12-22 17:51:46,-9.0122,-35.2225,82.9,70,100,13.58
479,Mungwi,ZM,2021-12-22 17:51:46,-10.1732,31.3694,66.42,91,89,4.29
480,Vera Cruz,BR,2021-12-22 17:51:47,-12.6333,-41.0333,78.87,71,81,5.37
481,Birin,NP,2021-12-22 17:51:47,26.8865,88.0718,44.33,68,8,4.68
482,North Myrtle Beach,US,2021-12-22 17:51:48,33.816,-78.68,59.11,62,1,5.75
483,Newport,GB,2021-12-22 17:51:48,51.5877,-2.9984,44.85,89,100,7.07
484,Meiganga,CM,2021-12-22 17:51:48,6.5167,14.3,73.98,33,11,5.84
485,Pataskala,US,2021-12-22 17:51:49,39.9956,-82.6743,34.0,60,75,4.0
486,Rancho Veloz,CU,2021-12-22 17:51:49,22.8806,-80.3917,77.36,54,60,14.12
487,Banikoara,BJ,2021-12-22 17:51:50,11.2985,2.4386,80.58,20,24,5.46
488,Yanam,IN,2021-12-22 17:51:50,16.7333,82.2167,65.82,82,0,1.23
489,Bagotville,AU,2021-12-22 17:51:50,-28.9833,153.4167,69.82,96,100,3.91
490,Maceio,BR,2021-12-22 17:51:51,-9.6658,-35.7353,89.04,62,75,16.11
491,Saraland,US,2021-12-22 17:51:51,30.8207,-88.0706,60.66,66,2,7.07
492,Fene,ES,2021-12-22 17:51:52,43.45,-8.15,59.49,75,76,8.84
493,Koungou,YT,2021-12-22 17:51:52,-12.7336,45.2042,83.91,74,0,4.61
494,Nushki,PK,2021-12-22 17:51:52,29.5542,66.0215,65.73,30,96,7.99
495,Nexo,DK,2021-12-22 17:51:52,55.0607,15.1306,35.69,91,100,17.83
496,Shelburne,CA,2021-12-22 17:46:55,44.0787,-80.2041,27.9,85,87,18.14
497,Phillipsburg,US,2021-12-22 17:46:56,40.6937,-75.1902,46.8,55,25,4.0
498,Manakara,MG,2021-12-22 17:51:53,-22.1333,48.0167,78.15,92,50,12.06
499,Qasigiannguit,GL,2021-12-22 17:51:53,68.8193,-51.1922,29.7,63,87,8.12
500,Lubango,AO,2021-12-22 17:51:54,-14.9172,13.4925,64.02,53,92,7.38
501,Machico,PT,2021-12-22 17:51:54,32.7,-16.7667,71.01,84,20,4.61
502,Hargeysa,SO,2021-12-22 17:51:54,9.56,44.065,61.23,85,30,10.58
503,Concordia,AR,2021-12-22 17:51:55,-31.393,-58.0209,93.27,34,75,11.01
504,Boa Viagem,BR,2021-12-22 17:51:55,-5.1275,-39.7322,98.2,23,14,8.84
505,Farafangana,MG,2021-12-22 17:51:56,-22.8167,47.8333,79.79,87,90,15.57
506,Sorland,NO,2021-12-22 17:51:56,67.667,12.6934,37.26,61,99,11.95
507,Kaduy,RU,2021-12-22 17:51:56,59.2,37.15,-3.96,96,87,6.29
508,Jemnice,CZ,2021-12-22 17:51:57,49.019,15.5699,24.91,88,24,4.7
509,Elizabeth City,US,2021-12-22 17:52:57,36.2946,-76.2511,52.03,87,40,1.99
510,Ratnagiri,IN,2021-12-22 17:52:58,16.9833,73.3,73.65,74,1,4.83
511,Norden,DE,2021-12-22 17:52:58,53.6,7.2,28.94,96,100,10.6
512,Piacabucu,BR,2021-12-22 17:52:59,-10.4056,-36.4344,83.39,71,100,17.27
513,Grand-Lahou,CI,2021-12-22 17:52:59,5.1367,-5.0242,82.17,66,90,9.53
514,Epe,NG,2021-12-22 17:52:59,6.5841,3.9834,80.2,55,31,5.41
515,Birao,CF,2021-12-22 17:53:00,10.2849,22.7882,76.96,22,64,5.97
516,Kudahuvadhoo,MV,2021-12-22 17:53:00,2.6708,72.8944,82.38,74,61,10.51
517,Diego De Almagro,CL,2021-12-22 17:53:00,-26.3667,-70.05,79.39,26,94,12.84
518,Shenkursk,RU,2021-12-22 17:53:01,62.1091,42.896,0.21,96,99,4.12
519,Balesti,RO,2021-12-22 17:53:01,45.0167,23.2167,27.36,57,35,2.17
520,Hope Mills,US,2021-12-22 17:53:01,34.9704,-78.9453,57.38,57,1,4.0
521,Nawa,IN,2021-12-22 17:53:02,27.0167,75.0,59.79,21,0,2.62
522,Altamira,BR,2021-12-22 17:53:02,-3.2033,-52.2064,89.69,58,75,8.05
523,Magadi,IN,2021-12-22 17:53:02,12.9667,77.2333,66.36,71,4,6.91
524,Thiruvananthapuram,IN,2021-12-22 17:53:03,8.4833,76.9167,82.38,78,40,0.0
525,Virginia Beach,US,2021-12-22 17:50:04,36.8529,-75.978,52.05,70,75,14.97
526,San Vicente De Canete,PE,2021-12-22 17:53:03,-13.0751,-76.3835,72.68,74,100,8.77
527,Inta,RU,2021-12-22 17:53:03,66.0317,60.1659,-2.9,98,98,8.12
528,La Macarena,CO,2021-12-22 17:53:04,2.1837,-73.7849,94.03,40,91,8.99
529,Moose Factory,CA,2021-12-22 17:53:04,51.2585,-80.6094,-0.4,78,90,12.66
530,Matay,EG,2021-12-22 17:53:04,28.419,30.7792,56.52,56,3,7.63
531,Garachine,PA,2021-12-22 17:53:05,8.0647,-78.3628,82.2,75,51,5.88
532,Laguna De Perlas,NI,2021-12-22 17:53:05,12.3429,-83.6712,84.29,59,83,7.94
533,Angoche,MZ,2021-12-22 17:53:05,-16.2325,39.9086,81.88,69,71,7.85
534,Esparta,HN,2021-12-22 17:53:06,15.7437,-87.1766,84.15,83,100,7.05
535,Kismayo,SO,2021-12-22 17:53:06,-0.3582,42.5454,80.29,81,96,9.89
536,Mosalsk,RU,2021-12-22 17:53:06,54.4881,34.9817,4.59,91,100,8.12
537,Huarmey,PE,2021-12-22 17:53:06,-10.0681,-78.1522,74.34,72,13,10.07
538,Vaniyambadi,IN,2021-12-22 17:53:07,12.6833,78.6167,65.01,82,2,1.41
539,Portage,US,2021-12-22 17:50:44,41.1667,-81.1998,30.09,57,75,14.97
540,Takoradi,GH,2021-12-22 17:53:07,4.8845,-1.7554,81.39,67,81,8.25
541,Roald,NO,2021-12-22 17:53:08,62.5833,6.1333,38.16,93,40,8.05
542,Mufulira,ZM,2021-12-22 17:53:08,-12.5498,28.2407,63.59,93,99,1.48
543,Bulungu,CD,2021-12-22 17:53:08,-4.55,18.6,73.98,93,100,1.77
544,Venice,US,2021-12-22 17:53:09,27.0998,-82.4543,67.98,65,75,17.27
545,Timmins,CA,2021-12-22 17:53:09,48.4669,-81.3331,-0.58,78,75,11.5
546,Breves,BR,2021-12-22 17:48:56,-1.6822,-50.4803,86.4,60,75,4.23
547,Calama,CL,2021-12-22 17:53:09,-22.4667,-68.9333,68.49,42,75,19.57
548,Brae,GB,2021-12-22 17:53:10,60.3964,-1.353,40.91,87,100,13.67
549,Mabaruma,GY,2021-12-22 17:53:10,8.2,-59.7833,77.58,96,95,5.97
550,Harihar,IN,2021-12-22 17:53:10,14.5167,75.8,68.02,50,23,5.48
551,Jacmel,HT,2021-12-22 17:53:11,18.2342,-72.5347,79.59,73,75,6.35
552,Oboyan,RU,2021-12-22 17:53:11,51.2098,36.2792,5.14,92,99,8.63
553,Houma,US,2021-12-22 17:53:11,29.5958,-90.7195,62.01,50,0,5.99
554,Waddan,LY,2021-12-22 17:53:12,29.1614,16.139,57.36,32,100,2.77
555,Trairi,BR,2021-12-22 17:53:09,-3.2778,-39.2689,86.65,60,20,14.5
556,Palmeiras De Goias,BR,2021-12-22 17:53:12,-16.805,-49.9258,82.83,67,87,4.36
557,Rincon,US,2021-12-22 17:51:49,32.296,-81.2354,55.9,70,40,1.99
558,Salinas,US,2021-12-22 17:54:13,36.6777,-121.6555,59.83,75,90,14.97
559,Keffi,NG,2021-12-22 17:54:13,8.8486,7.8736,86.52,24,11,3.11
560,Ibra,OM,2021-12-22 17:54:13,22.6906,58.5334,69.71,35,39,2.53
561,Gobabis,NA,2021-12-22 17:54:14,-22.45,18.9667,82.35,14,75,21.5
562,Conde,BR,2021-12-22 17:54:14,-7.2597,-34.9075,85.46,70,75,11.5
563,Bethanien,NA,2021-12-22 17:54:14,-26.502,17.1583,72.52,19,0,15.52
564,Bronnoysund,NO,2021-12-22 17:54:15,65.4625,12.1997,26.6,80,0,4.61
565,Jasper,US,2021-12-22 17:54:15,37.2001,-94.3502,52.68,38,0,3.0
566,Baracoa,CU,2021-12-22 17:54:15,20.3467,-74.4958,83.46,64,87,0.96
567,Safaga,EG,2021-12-22 17:54:15,26.7292,33.9365,64.35,49,38,18.16
568,Nampula,MZ,2021-12-22 17:54:16,-15.1165,39.2666,82.35,69,0,11.5
569,Kuryk,KZ,2021-12-22 17:54:16,43.2,51.65,35.08,73,65,12.53
570,Sakakah,SA,2021-12-22 17:54:17,29.9697,40.2064,54.97,45,1,1.72
571,Narwana,IN,2021-12-22 17:54:17,29.6167,76.1167,56.91,26,100,4.74
572,Pampierstad,ZA,2021-12-22 17:54:17,-27.7832,24.6877,69.91,61,53,2.04
573,Ekibastuz,KZ,2021-12-22 17:54:18,51.6667,75.3667,33.06,83,100,14.97
574,Jardim,BR,2021-12-22 17:54:18,-21.4803,-56.1381,99.28,26,49,6.6
575,Ilinskiy,RU,2021-12-22 17:54:18,55.619,38.1182,-6.7,77,75,4.47
